# === Skript's variable storage ===
# Please do not modify this file manually!
#
# version: 2.6.1

cakesgiven, long, 0000000000000159
chance, long, 0000000000000003
chatfilter1, string, 80066E6967676572
chatfilter2, string, 80056E69676761
chatfilter3, string, 80135F5F46494C544552544849534D455353414745
clearedentities, long, 000000000000A3BD
clearlag, long, 0000000000000002
combatlog.goldmalexen, long, FFFFFFFFFFFFEBB2
combatlog.lynxdeer, long, FFFFFFFFFFFFEB70
consolechat, boolean, 00
cspy::lynxdeer, boolean, 00

