# === Skript's variable storage ===
# Please do not modify this file manually!
#
# version: 2.6.1

q+duck::16c3533f-a2c7-4b56-abb3-e3a49c19fb7b, long, 0000000000000002
q+duck::057f70b3-cfd8-4220-a702-8e510137b5e5, long, 0000000000000001
q+duck::016416e0-1bad-483b-bc2a-5dc394c422a7, long, 0000000000000002
q+duck::d1a2ff5d-dc90-4181-94e7-118c33f0f5c7, long, 0000000000000001
q+duck::ff5446dd-a41e-4725-adbf-89a2f57efea0, long, 0000000000000001
qv_boop, string, 800BC2A764C2A76C426F6F5021
qv_test, boolean, 01

